axon_id,g_ratio,axon_area_px,myelin_area_px,cx,cy,equiv_radius_px
3,0.6370,241,353,65.8,6.1,8.8
4,0.7155,492,469,98.5,10.6,12.5
5,0.6988,585,613,277.6,10.0,13.6
9,0.6773,373,440,506.2,4.5,10.9
10,0.7312,208,181,545.6,6.1,8.1
11,0.7332,695,598,585.6,14.1,14.9
13,0.7150,274,262,791.2,7.3,9.3
14,0.6996,254,265,856.8,8.1,9.0
17,0.5965,227,411,1040.5,6.9,8.5
24,0.6966,475,504,689.9,13.5,12.3
28,0.6797,730,850,640.0,17.9,15.2
29,0.6121,692,1155,1102.0,26.0,14.8
35,0.6303,373,566,900.2,21.0,10.9
37,0.7219,1071,984,822.8,26.8,18.5
39,0.6103,330,556,1194.4,22.3,10.2
45,0.7075,410,409,235.1,29.8,11.4
47,0.7400,483,399,383.7,34.9,12.4
48,0.7349,868,739,441.1,37.2,16.6
49,0.7032,224,229,12.2,29.6,8.4
52,0.6802,756,878,546.5,39.0,15.5
53,0.6657,479,602,736.4,32.0,12.3
54,0.7855,340,211,481.2,32.9,10.4
56,0.6521,202,273,930.8,32.9,8.0
57,0.6589,438,571,1256.5,38.2,11.8
60,0.6938,673,725,191.0,40.3,14.6
64,0.7360,870,736,60.8,42.9,16.6
66,0.6670,222,277,673.3,38.5,8.4
67,0.6282,365,560,1217.8,42.0,10.8
81,0.6172,477,775,1024.0,53.8,12.3
84,0.6246,719,1124,1149.8,60.2,15.1
90,0.7572,215,160,904.2,53.9,8.3
92,0.7642,431,307,864.5,58.7,11.7
96,0.6164,261,426,90.8,58.4,9.1
98,0.5552,291,653,949.7,58.8,9.6
101,0.5991,365,652,1104.1,66.2,10.8
103,0.7255,440,396,730.5,65.7,11.8
105,0.6258,291,452,511.1,63.9,9.6
111,0.6472,591,820,1195.3,72.8,13.7
112,0.7321,699,605,343.3,69.8,14.9
115,0.6753,699,834,822.6,73.3,14.9
117,0.7784,269,175,246.5,70.1,9.3
121,0.7302,955,836,463.4,82.1,17.4
128,0.6754,255,304,554.5,74.5,9.0
129,0.6533,318,427,212.6,77.5,10.1
130,0.6382,211,307,620.5,75.0,8.2
133,0.6429,346,491,66.9,81.5,10.5
136,0.7421,1296,1057,703.3,92.3,20.3
137,0.8288,522,238,14.4,83.8,12.9
138,0.6185,492,794,389.6,86.0,12.5
139,0.7042,245,249,423.7,82.6,8.8
143,0.6830,216,247,37.5,83.9,8.3
144,0.7397,639,529,155.6,92.1,14.3
146,0.6395,256,370,1045.0,90.1,9.0
149,0.6143,689,1137,889.6,93.2,14.8
153,0.6215,501,796,756.6,97.5,12.6
155,0.6190,400,644,318.6,101.3,11.3
157,0.6194,244,392,239.8,97.1,8.8
164,0.6649,668,843,595.4,116.1,14.6
171,0.7061,1337,1345,1120.8,117.2,20.6
172,0.7087,552,547,1269.1,110.0,13.3
175,0.7078,250,249,89.4,105.3,8.9
178,0.6596,218,283,1238.5,107.0,8.3
190,0.5892,301,566,218.1,116.1,9.8
195,0.6914,564,616,21.4,125.7,13.4
196,0.6079,248,423,122.4,117.8,8.9
198,0.7097,276,272,1210.8,117.9,9.4
203,0.7095,297,293,774.6,120.0,9.7
216,0.6871,847,947,69.4,141.4,16.4
217,0.5688,330,690,860.0,133.1,10.2
221,0.6879,301,335,489.6,136.8,9.8
222,0.6832,218,249,629.3,132.5,8.3
226,0.7249,381,344,436.6,139.2,11.0
227,0.8045,1086,592,700.4,142.2,18.6
228,0.6470,314,436,967.0,134.0,10.0
229,0.6574,749,984,346.4,151.8,15.4
230,0.6650,237,299,918.3,136.8,8.7
233,0.7352,247,210,109.1,139.5,8.9
234,0.6325,808,1212,180.3,147.9,16.0
236,0.7390,432,359,409.8,150.1,11.7
238,0.7263,240,215,794.5,142.2,8.7
245,0.6163,218,356,225.3,146.0,8.3
248,0.6325,254,381,999.0,146.1,9.0
250,0.7373,243,204,1179.7,148.7,8.8
251,0.6171,329,535,1265.2,153.3,10.2
252,0.7487,361,283,1234.9,152.0,10.7
259,0.7679,204,142,616.0,153.7,8.1
261,0.6338,535,797,970.1,164.7,13.0
262,0.7484,261,205,506.3,157.1,9.1
266,0.6943,255,274,280.1,161.9,9.0
269,0.5597,411,901,821.5,166.7,11.4
274,0.6481,260,359,854.9,163.3,9.1
279,0.5909,440,820,30.7,169.6,11.8
290,0.6615,207,266,667.1,174.0,8.1
294,0.7434,273,221,601.6,174.5,9.3
295,0.5871,293,557,760.2,175.6,9.7
299,0.6926,412,447,101.7,180.6,11.5
303,0.7529,572,437,1229.2,184.3,13.5
304,0.6585,425,555,395.9,184.2,11.6
307,0.7209,408,377,516.8,182.9,11.4
308,0.6711,236,288,899.1,182.2,8.7
311,0.7608,393,286,624.6,186.1,11.2
312,0.6794,955,1114,1126.1,192.4,17.4
315,0.6838,209,238,486.9,180.1,8.2
318,0.6336,267,398,64.9,189.7,9.2
321,0.6595,214,278,576.6,189.3,8.3
324,0.7830,1594,1006,177.8,209.7,22.5
327,0.6761,213,253,928.8,190.0,8.2
328,0.6626,227,290,648.9,193.5,8.5
329,0.6668,341,426,1027.1,196.5,10.4
333,0.6769,768,908,301.5,208.0,15.6
337,0.7352,247,210,341.0,198.0,8.9
339,0.6435,480,679,125.7,206.2,12.4
340,0.6424,435,619,683.8,202.7,11.8
341,0.6865,328,368,793.3,203.4,10.2
347,0.7255,210,189,1196.5,204.3,8.2
350,0.6385,296,430,990.6,208.3,9.7
353,0.5383,237,581,471.2,206.9,8.7
354,0.7627,210,151,726.8,206.8,8.2
356,0.6585,232,303,1060.9,208.8,8.6
362,0.6823,479,550,763.9,220.4,12.3
371,0.6956,299,319,550.4,215.1,9.8
372,0.5657,337,716,822.6,220.5,10.4
373,0.6902,483,531,55.6,225.9,12.4
374,0.7083,765,760,389.5,234.2,15.6
376,0.7052,903,913,1008.9,233.5,17.0
380,0.6849,599,678,1268.3,236.5,13.8
381,0.6654,286,360,265.9,229.9,9.5
385,0.7064,757,760,344.6,235.1,15.5
390,0.6557,279,370,1162.4,231.4,9.4
391,0.6630,353,450,21.3,229.2,10.6
395,0.6582,224,293,1184.6,229.8,8.4
397,0.6266,296,458,891.0,241.3,9.7
403,0.7160,1134,1078,1213.1,247.9,19.0
404,0.5373,209,515,473.3,232.5,8.2
407,0.6890,665,736,675.7,239.5,14.5
409,0.6607,289,373,870.4,240.7,9.6
410,0.6049,240,416,911.4,237.4,8.7
411,0.7250,667,602,1124.1,244.5,14.6
413,0.6225,355,561,125.7,243.5,10.6
414,0.6618,321,412,552.0,242.6,10.1
415,0.6226,231,365,95.9,244.0,8.6
417,0.7864,389,240,590.8,246.1,11.1
421,0.7244,223,202,238.5,248.3,8.4
424,0.6251,254,396,948.3,249.9,9.0
425,0.6517,203,275,147.3,255.8,8.0
426,0.7121,676,657,432.9,262.2,14.7
427,0.7116,521,508,291.2,256.1,12.9
428,0.6569,463,610,810.2,258.3,12.1
429,0.7613,262,190,1054.9,254.9,9.1
430,0.6979,300,316,970.3,259.8,9.8
432,0.7028,205,210,61.5,257.0,8.1
435,0.7256,1152,1036,706.5,280.3,19.1
437,0.5905,242,452,775.0,262.8,8.8
441,0.7048,1046,1060,646.0,276.0,18.2
442,0.7019,234,241,511.5,260.5,8.6
445,0.7908,247,148,581.8,266.7,8.9
447,0.6886,662,734,913.8,275.1,14.5
449,0.5969,408,737,741.6,274.9,11.4
450,0.6782,408,479,1033.2,271.7,11.4
453,0.6738,262,315,1084.4,269.4,9.1
456,0.7215,254,234,329.0,270.4,9.0
457,0.6725,743,900,16.6,282.1,15.4
459,0.7605,1380,1006,95.5,286.7,21.0
460,0.6871,305,341,557.4,275.8,9.9
466,0.7260,263,236,1062.0,280.7,9.1
467,0.7221,659,605,1152.9,288.4,14.5
468,0.6940,262,282,369.8,279.4,9.1
469,0.6830,209,239,987.3,280.2,8.2
470,0.6952,535,572,1268.3,287.6,13.0
472,0.6720,247,300,609.7,281.0,8.9
473,0.6341,300,446,1114.9,283.0,9.8
474,0.6382,301,438,143.5,282.6,9.8
484,0.6087,229,389,1012.3,292.3,8.5
490,0.6013,491,867,1222.2,298.2,12.5
498,0.7526,226,173,524.4,297.2,8.5
499,0.8025,1228,679,242.6,313.7,19.8
500,0.6763,794,942,869.2,307.5,15.9
502,0.6737,251,302,454.0,301.0,8.9
503,0.7470,202,160,986.3,299.6,8.0
504,0.7215,1013,933,199.9,318.3,18.0
506,0.8453,1209,483,509.2,316.0,19.6
510,0.7750,215,143,618.3,304.8,8.3
511,0.6124,345,575,829.8,308.6,10.5
514,0.6551,497,661,1042.8,317.4,12.6
516,0.6682,259,321,413.4,309.3,9.1
521,0.5590,255,561,345.7,311.9,9.0
525,0.6271,243,375,742.4,313.7,8.8
527,0.7431,587,476,959.1,320.4,13.7
533,0.6804,818,949,1077.7,325.5,16.1
537,0.6370,334,489,479.4,329.6,10.3
538,0.6920,466,507,896.8,325.4,12.2
540,0.6452,502,704,584.8,325.0,12.6
542,0.6674,653,813,667.5,330.1,14.4
545,0.6573,343,451,1115.8,329.0,10.4
548,0.7204,218,202,719.8,327.8,8.3
549,0.5578,276,611,36.6,328.2,9.4
551,0.5985,226,405,375.5,329.9,8.5
557,0.6572,308,405,89.4,336.1,9.9
558,0.7202,830,770,320.7,343.3,16.3
559,0.6954,221,236,746.7,335.9,8.4
562,0.6625,740,946,1218.8,343.4,15.3
563,0.7458,297,237,1268.7,341.2,9.7
568,0.7004,414,430,272.7,349.5,11.5
569,0.6707,606,741,989.2,348.7,13.9
571,0.6455,1015,1421,923.2,355.1,18.0
572,0.6485,953,1313,773.3,358.9,17.4
574,0.6324,717,1076,404.3,356.6,15.1
575,0.6300,231,351,1150.3,349.9,8.6
579,0.5714,319,658,58.3,354.3,10.1
580,0.7334,1143,982,629.4,362.3,19.1
581,0.7159,451,429,725.6,351.0,12.0
582,0.6830,327,374,246.4,361.2,10.2
585,0.6612,348,448,865.7,361.3,10.5
588,0.6597,477,619,190.5,359.8,12.3
589,0.6539,428,573,1181.3,362.1,11.7
591,0.6583,1257,1644,553.0,371.5,20.0
594,0.6525,1020,1376,1091.4,372.6,18.0
597,0.7528,531,406,1269.0,377.9,13.0
600,0.6087,329,559,362.0,371.0,10.2
607,0.6537,359,481,30.9,382.3,10.7
612,0.6778,622,732,702.3,386.0,14.1
615,0.6299,630,958,293.1,389.0,14.2
616,0.6859,421,474,481.3,390.7,11.6
618,0.6017,286,504,1123.8,392.7,9.5
619,0.7794,226,146,171.1,390.1,8.5
620,0.7055,865,873,968.7,396.1,16.6
621,0.6180,257,416,1210.4,386.8,9.0
623,0.7726,625,422,57.8,396.1,14.1
624,0.7385,1064,887,229.5,400.3,18.4
626,0.6745,732,877,829.0,396.2,15.3
629,0.6879,787,876,1052.7,404.2,15.8
630,0.6924,256,278,190.1,396.9,9.0
632,0.6031,351,614,1183.3,397.3,10.6
633,0.7341,201,172,598.3,394.4,8.0
636,0.5824,251,489,336.0,397.2,8.9
639,0.5308,273,696,646.1,398.9,9.3
651,0.5823,312,608,1158.8,412.5,10.0
654,0.6960,687,731,454.4,419.0,14.8
656,0.6313,218,329,1013.3,411.5,8.3
661,0.7387,215,179,677.9,411.0,8.3
664,0.7003,513,533,143.4,420.6,12.8
666,0.7663,865,608,343.2,425.1,16.6
667,0.6998,474,494,554.9,418.4,12.3
671,0.6609,715,922,1258.4,428.6,15.1
673,0.6575,425,558,1114.8,422.7,11.6
676,0.6499,242,331,912.3,423.2,8.8
677,0.6840,298,339,398.8,423.4,9.7
678,0.6777,621,731,1211.6,429.6,14.1
684,0.6869,234,262,203.1,428.7,8.6
685,0.5901,218,408,949.8,429.5,8.3
688,0.6657,623,783,762.6,442.1,14.1
690,0.6398,219,316,1145.4,432.3,8.3
691,0.6108,291,489,811.1,434.8,9.6
693,0.7801,272,175,295.9,434.0,9.3
695,0.6878,491,547,637.3,440.0,12.5
699,0.7622,897,647,527.7,449.8,16.9
703,0.7074,1032,1030,257.9,453.1,18.1
705,0.7704,222,152,358.8,446.4,8.4
706,0.7180,331,311,579.4,450.2,10.3
708,0.6705,1056,1293,1039.8,457.2,18.3
710,0.6383,242,352,178.5,447.5,8.8
712,0.7010,228,236,489.5,449.5,8.5
713,0.6486,700,964,718.3,456.1,14.9
714,0.7463,210,167,408.6,447.8,8.2
715,0.6851,238,269,437.8,448.8,8.7
717,0.5771,393,787,993.1,455.8,11.2
719,0.6362,376,553,1165.9,454.8,10.9
724,0.6503,247,337,604.8,453.5,8.9
725,0.6229,409,645,124.2,458.2,11.4
726,0.6235,285,448,919.3,454.3,9.5
731,0.7000,246,256,34.2,459.1,8.8
732,0.6316,223,336,678.4,459.4,8.4
735,0.6692,313,386,463.0,461.9,10.0
736,0.6120,224,374,1077.3,461.8,8.4
738,0.6873,273,305,1126.4,466.6,9.3
739,0.7013,753,778,1246.5,471.1,15.5
741,0.7138,214,206,653.5,463.7,8.3
745,0.6357,436,643,806.6,478.2,11.8
753,0.6913,302,330,182.7,475.8,9.8
754,0.6432,350,496,425.9,474.9,10.6
756,0.7095,223,220,310.1,476.2,8.4
758,0.6014,319,563,620.9,477.7,10.1
760,0.7384,229,191,389.5,477.5,8.5
765,0.6712,587,716,1103.2,488.7,13.7
770,0.7606,822,599,1176.9,488.4,16.2
772,0.7129,1199,1160,752.0,494.7,19.5
774,0.6865,361,405,1005.1,488.3,10.7
775,0.7104,215,211,508.0,486.0,8.3
781,0.6734,234,282,368.1,491.5,8.6
786,0.6567,279,368,533.6,492.7,9.4
787,0.6636,436,554,702.2,495.6,11.8
793,0.6952,203,217,605.7,494.7,8.0
795,0.6835,299,341,239.1,501.9,9.8
797,0.6427,216,307,1269.9,496.4,8.3
798,0.7546,209,158,151.0,496.7,8.2
802,0.5857,319,611,1038.4,501.2,10.1
804,0.6218,377,598,1153.0,504.6,11.0
806,0.6145,287,473,325.9,507.4,9.6
808,0.6906,1045,1146,439.2,517.9,18.2
812,0.5789,500,992,1225.0,517.0,12.6
813,0.6628,438,559,182.2,516.2,11.8
819,0.7374,391,328,264.6,515.9,11.2
821,0.6663,1192,1493,908.0,521.6,19.5
823,0.6927,226,245,583.0,515.3,8.5
827,0.6337,300,447,606.0,519.9,9.8
831,0.5823,314,612,1119.5,520.4,10.0
832,0.4961,319,977,819.7,524.6,10.1
834,0.6508,510,694,968.7,530.6,12.7
837,0.6414,232,332,785.0,524.2,8.6
838,0.6989,743,778,128.1,531.9,15.4
840,0.6310,430,650,1049.9,526.8,11.7
841,0.5871,435,827,84.2,529.9,11.8
843,0.6487,834,1148,1257.2,540.4,16.3
844,0.7196,713,664,482.4,536.5,15.1
845,0.7637,977,698,299.9,542.1,17.6
846,0.7086,233,231,207.6,531.8,8.6
848,0.6862,979,1100,733.0,544.6,17.7
849,0.6781,863,1014,1010.0,543.9,16.6
850,0.6538,221,296,671.9,530.7,8.4
851,0.6282,208,319,700.2,532.1,8.1
852,0.7526,614,470,1175.6,538.2,14.0
858,0.6317,344,518,627.1,538.4,10.5
859,0.7057,857,864,1095.8,559.5,16.5
863,0.6410,827,1186,574.9,554.0,16.2
865,0.7533,206,157,1123.7,546.4,8.1
866,0.6483,245,338,354.9,549.6,8.8
868,0.7776,1292,845,229.7,563.3,20.3
870,0.5826,317,617,1065.6,555.4,10.0
871,0.7222,386,354,183.2,557.7,11.1
872,0.5853,457,877,822.9,563.4,12.1
881,0.6724,925,1121,664.8,572.6,17.2
883,0.6502,536,732,872.3,567.1,13.1
885,0.6316,288,434,437.2,561.9,9.6
887,0.6771,486,574,909.7,567.8,12.4
888,0.6111,416,698,85.1,565.2,11.5
896,0.6883,831,923,975.9,580.0,16.3
898,0.7828,201,127,612.5,571.6,8.0
905,0.6673,236,294,526.1,578.4,8.7
906,0.7033,556,568,1232.8,581.0,13.3
909,0.6748,378,452,48.3,580.1,11.0
912,0.6220,407,645,125.2,581.6,11.4
915,0.6921,263,286,458.1,582.4,9.1
920,0.7355,271,230,1154.8,590.0,9.3
921,0.6650,544,686,422.6,591.6,13.2
923,0.7266,208,186,632.7,586.7,8.1
925,0.6647,657,830,1060.9,595.2,14.5
926,0.7487,857,672,277.8,596.4,16.5
929,0.6578,540,708,718.3,592.5,13.1
934,0.7334,1433,1231,25.7,615.2,21.4
935,0.7234,1193,1087,186.7,602.6,19.5
936,0.7420,1084,885,488.5,608.6,18.6
939,0.7225,1124,1029,583.4,610.7,18.9
941,0.5980,417,749,852.5,604.2,11.5
943,0.7301,1032,904,331.0,611.6,18.1
948,0.7863,1344,830,83.5,626.5,20.7
949,0.6600,318,412,375.8,609.1,10.1
950,0.6529,214,288,623.4,608.7,8.3
954,0.5523,277,631,1119.0,613.1,9.4
957,0.6273,656,1011,538.6,618.3,14.5
958,0.6122,419,699,987.8,617.5,11.5
963,0.6969,1192,1262,659.7,628.8,19.5
964,0.6455,285,399,1018.7,617.7,9.5
965,0.6733,685,826,1089.2,626.0,14.8
969,0.7362,1102,931,138.9,631.6,18.7
970,0.7295,223,196,730.8,619.8,8.4
972,0.7645,647,460,1232.4,632.8,14.4
973,0.7276,692,615,433.5,632.6,14.8
976,0.6736,240,289,784.1,629.6,8.7
977,0.5426,217,520,952.2,627.4,8.3
978,0.7330,288,248,1200.5,631.1,9.6
981,0.7085,1238,1228,1044.5,650.0,19.9
982,0.5557,214,479,827.7,636.4,8.3
983,0.6802,644,748,280.9,645.1,14.3
984,0.6706,661,809,614.8,651.5,14.5
986,0.6010,432,764,236.6,643.9,11.7
989,0.7229,1089,995,1162.9,657.5,18.6
990,0.7764,859,566,1265.4,656.2,16.5
993,0.6897,441,486,377.0,649.7,11.8
996,0.7451,639,512,178.0,653.5,14.3
1001,0.6130,263,437,458.6,651.6,9.1
1002,0.6987,1070,1122,979.7,660.2,18.5
1004,0.6625,205,262,936.9,652.0,8.1
1005,0.7145,242,232,580.0,653.8,8.8
1006,0.7029,250,256,541.4,653.0,8.9
1008,0.7119,222,216,41.6,661.7,8.4
1009,0.7003,1050,1091,317.1,673.7,18.3
1010,0.7095,227,224,61.7,662.1,8.5
1011,0.7152,200,191,117.8,660.3,8.0
1013,0.7074,1040,1038,870.2,673.7,18.2
1014,0.7552,296,223,348.4,666.1,9.7
1016,0.7131,781,755,1105.5,678.7,15.8
1019,0.6700,430,528,479.2,676.6,11.7
1020,0.7108,244,239,520.8,670.4,8.8
1025,0.6636,979,1244,827.5,688.4,17.7
1027,0.7734,759,510,642.4,690.1,15.5
1028,0.6064,371,638,698.7,676.9,10.9
1030,0.6694,557,686,393.9,681.0,13.3
1031,0.6477,378,523,563.1,680.3,11.0
1033,0.7079,221,220,594.3,678.6,8.4
1038,0.6669,632,789,160.0,693.0,14.2
1040,0.6645,427,540,96.2,686.5,11.7
1043,0.7795,370,239,730.9,687.9,10.9
1049,0.7821,1128,716,1210.0,703.3,18.9
1050,0.6533,373,501,1049.5,701.8,10.9
1051,0.7811,1346,860,60.2,709.3,20.7
1052,0.6829,576,659,246.4,698.1,13.5
1056,0.6954,635,678,762.0,703.5,14.2
1060,0.7654,454,321,131.4,701.6,12.0
1062,0.6637,636,808,977.6,705.8,14.2
1064,0.6855,265,299,191.1,702.1,9.2
1066,0.6351,261,386,595.3,702.2,9.1
1068,0.6915,361,394,1245.4,706.7,10.7
1073,0.6368,637,934,452.9,714.8,14.2
1074,0.6756,320,381,523.6,710.0,10.1
1077,0.5910,227,423,360.4,709.4,8.5
1078,0.7280,353,313,500.2,716.2,10.6
1080,0.5769,238,477,939.8,712.3,8.7
1081,0.7956,857,497,403.3,718.5,16.5
1083,0.7046,1101,1117,1128.4,723.0,18.7
1085,0.7162,396,376,9.9,720.8,11.2
1086,0.6907,219,240,1268.4,718.1,8.3
1087,0.7530,964,736,688.7,731.9,17.5
1088,0.8231,1811,862,562.9,735.8,24.0
1091,0.6103,200,337,1093.3,720.4,8.0
1093,0.6711,476,581,223.3,730.0,12.3
1095,0.6653,274,345,1021.1,726.2,9.3
1096,0.7608,334,243,125.2,727.1,10.3
1098,0.7063,215,216,718.6,729.1,8.3
1101,0.6753,301,359,309.5,731.3,9.8
1104,0.6655,349,439,340.2,732.3,10.5
1105,0.7887,242,147,599.0,731.6,8.8
1107,0.7143,748,718,748.6,739.5,15.4
1118,0.6617,751,964,867.1,744.9,15.5
1124,0.6744,598,717,989.8,744.1,13.8
1131,0.6506,565,770,95.7,751.3,13.4
1132,0.7118,531,517,284.2,749.6,13.0
1134,0.6465,515,717,1150.1,756.9,12.8
1137,0.6911,959,1049,1039.5,763.5,17.5
1138,0.5952,508,926,1190.4,754.6,12.7
1141,0.6900,408,449,511.5,760.5,11.4
1143,0.6241,266,417,379.5,757.6,9.2
1144,0.6762,246,292,733.6,761.7,8.8
1148,0.6811,238,275,325.3,762.2,8.7
1149,0.7536,205,156,539.2,761.2,8.1
1155,0.5961,464,842,595.5,768.0,12.2
1158,0.6521,412,557,1075.1,769.8,11.5
1161,0.7249,422,381,682.6,770.8,11.6
1162,0.7174,932,879,1115.1,782.4,17.2
1163,0.5875,204,387,262.7,768.2,8.1
1164,0.6223,673,1065,415.0,775.5,14.6
1167,0.6471,206,286,978.3,771.6,8.1
1168,0.6827,947,1085,928.9,780.9,17.4
1171,0.7517,239,184,193.5,776.6,8.7
1175,0.6816,256,295,78.3,780.1,9.0
1177,0.7006,641,665,620.7,796.6,14.3
1178,0.7078,244,243,720.9,781.7,8.8
1179,0.6333,296,442,1216.5,787.3,9.7
1180,0.6476,260,360,652.1,787.5,9.1
1181,0.7675,248,173,338.6,787.4,8.9
1182,0.6896,370,408,542.5,787.2,10.9
1183,0.5719,263,541,1007.3,787.2,9.1
1185,0.6625,201,257,315.5,787.5,8.0
1186,0.8227,576,275,470.3,795.4,13.5
1187,0.6186,331,534,749.7,792.8,10.3
1191,0.7422,768,626,1189.2,801.7,15.6
1194,0.6689,268,331,238.0,797.6,9.2
1195,0.6560,516,683,697.1,802.6,12.8
1200,0.6117,879,1470,272.1,814.7,16.7
1205,0.6917,322,351,988.3,805.6,10.1
1208,0.6812,349,403,899.8,811.2,10.5
1212,0.6753,1083,1292,25.3,834.5,18.6
1213,0.6501,292,399,374.2,810.9,9.6
1218,0.6863,853,958,78.6,823.4,16.5
1219,0.6995,205,214,343.2,814.0,8.1
1223,0.8457,412,164,540.4,820.6,11.5
1224,0.6730,928,1121,576.7,825.9,17.2
1227,0.6792,411,480,932.9,823.2,11.4
1228,0.7178,338,318,1104.2,820.5,10.4
1230,0.7554,719,541,1028.3,826.4,15.1
1235,0.6995,552,576,642.9,828.5,13.3
1236,0.7308,682,595,1066.1,836.6,14.7
1238,0.6542,392,524,431.4,829.3,11.2
1240,0.5672,285,601,228.3,827.6,9.5
1246,0.6976,310,327,193.8,832.0,9.9
1248,0.7781,844,550,514.7,839.1,16.4
1249,0.6821,816,938,980.6,841.5,16.1
1252,0.6789,1038,1214,383.0,846.5,18.2
1253,0.6304,331,502,678.9,836.7,10.3
1254,0.6513,742,1007,1137.5,846.1,15.4
1256,0.6492,247,339,165.3,840.6,8.9
1257,0.6754,938,1118,739.8,847.8,17.3
1258,0.6784,208,244,1223.7,839.0,8.1
1259,0.5940,320,587,797.3,841.5,10.1
1261,0.7488,513,402,112.6,847.2,12.8
1264,0.7260,1216,1091,299.0,863.2,19.7
1265,0.6634,268,341,1197.8,848.2,9.2
1267,0.7520,220,169,482.5,848.4,8.4
1273,0.6097,294,497,208.4,854.6,9.7
1274,0.7099,508,500,141.2,862.5,12.7
1275,0.7235,212,193,649.0,857.2,8.2
1278,0.6491,388,533,1020.2,860.2,11.1
1279,0.6099,266,449,1091.1,861.1,9.2
1281,0.7092,751,742,457.5,874.3,15.5
1283,0.6667,224,280,259.0,864.1,8.4
1284,0.5823,410,799,849.0,869.3,11.4
1285,0.7093,721,712,82.3,873.4,15.1
1286,0.7065,927,930,690.4,873.7,17.2
1287,0.6368,309,453,424.8,869.2,9.9
1297,0.6791,838,979,512.8,883.2,16.3
1302,0.7883,1336,814,228.7,889.5,20.6
1308,0.7415,1191,975,1249.7,889.5,19.5
1310,0.6955,877,936,1129.7,897.4,16.7
1311,0.5433,284,678,981.8,882.4,9.5
1317,0.5827,552,1074,330.9,890.4,13.3
1318,0.6500,583,797,738.4,893.1,13.6
1319,0.6333,476,711,807.8,889.4,12.3
1326,0.5890,331,623,590.8,895.5,10.3
1330,0.6860,200,225,53.9,892.7,8.0
1333,0.5030,256,756,1074.3,898.7,9.0
1334,0.7272,266,237,886.7,896.5,9.2
1335,0.6356,459,677,141.7,902.7,12.1
1338,0.6982,546,574,1203.7,908.0,13.2
1339,0.6451,355,498,179.2,901.8,10.6
1344,0.5830,382,742,843.5,907.1,11.0
1347,0.6197,293,470,917.1,907.6,9.7
1348,0.7040,459,467,27.3,910.1,12.1
1350,0.6446,263,370,781.4,908.6,9.1
1359,0.7018,429,442,397.0,917.2,11.7
1360,0.7241,398,361,478.5,916.9,11.3
1361,0.6722,380,461,704.4,917.6,11.0
1362,0.6528,297,400,72.5,917.7,9.7
